train_059572.jpg,119
train_062513.jpg,209
train_062601.jpg,70
train_067187.jpg,145
train_067301.jpg,37
train_067514.jpg,175
train_069086.jpg,67
train_069356.jpg,9
train_069416.jpg,213
train_024582.jpg,117
train_085374.jpg,83
train_085395.jpg,125
train_085594.jpg,175
train_085859.jpg,202
train_007028.jpg,40
train_075655.jpg,40
train_075971.jpg,244
train_032772.jpg,125
train_032784.jpg,67
train_032915.jpg,105
train_026588.jpg,128
train_069824.jpg,117
train_017866.jpg,105
train_090142.jpg,175
train_090264.jpg,246
train_085132.jpg,145
train_098362.jpg,132
train_071271.jpg,140
train_071401.jpg,29
train_071414.jpg,125
train_026882.jpg,29
train_034025.jpg,246
train_086729.jpg,175
train_086870.jpg,132
train_086999.jpg,104
train_087064.jpg,175
train_087142.jpg,85
train_055802.jpg,20
train_097498.jpg,118
train_097528.jpg,99
train_097543.jpg,72
train_097776.jpg,40
train_094949.jpg,61
train_094989.jpg,125
train_031694.jpg,108
train_098383.jpg,40
train_098491.jpg,85
train_096029.jpg,224
train_016289.jpg,117
train_032263.jpg,171
train_055339.jpg,117
train_088228.jpg,209
train_092225.jpg,179
train_092263.jpg,197
train_092368.jpg,186
train_051282.jpg,78
train_051428.jpg,74
train_051597.jpg,194
train_021800.jpg,176
train_015250.jpg,117
train_015355.jpg,117
train_007656.jpg,147
train_008019.jpg,175
train_081924.jpg,202
train_081993.jpg,175
train_082017.jpg,104
train_036080.jpg,213
train_036221.jpg,47
train_036427.jpg,175
train_021260.jpg,125
train_047870.jpg,197
train_047877.jpg,110
train_020573.jpg,218
train_056364.jpg,58
train_056510.jpg,117
train_068276.jpg,213
train_068319.jpg,125
train_019269.jpg,198
train_019320.jpg,58
train_019623.jpg,117
train_001307.jpg,61
train_001359.jpg,157
train_013052.jpg,231
train_013135.jpg,120
train_013219.jpg,37
train_013496.jpg,238
train_063856.jpg,78
train_073767.jpg,145
train_074029.jpg,198
train_082363.jpg,78
train_082445.jpg,117
train_082539.jpg,76
train_010237.jpg,200
train_010461.jpg,194
train_010574.jpg,104
train_041025.jpg,67
train_057560.jpg,92
train_004733.jpg,55
train_035792.jpg,47
train_023616.jpg,170
train_023723.jpg,14
train_094697.jpg,125
train_070680.jpg,125
train_070806.jpg,235
train_070875.jpg,100
train_045402.jpg,197
train_045463.jpg,67
train_045559.jpg,125
train_056975.jpg,29
train_057119.jpg,9
train_093734.jpg,125
train_093785.jpg,127
train_024694.jpg,107
train_024874.jpg,48
train_024960.jpg,246
train_025026.jpg,171
train_025196.jpg,125
train_070172.jpg,33
train_028315.jpg,125
train_028534.jpg,216
train_028723.jpg,194
train_058413.jpg,125
train_058684.jpg,145
train_004040.jpg,197
train_028849.jpg,186
train_029130.jpg,54
train_007388.jpg,228
train_095492.jpg,80
train_095609.jpg,197
train_000759.jpg,18
train_000760.jpg,230
train_020141.jpg,42
train_020332.jpg,67
train_021948.jpg,55
train_022086.jpg,157
train_022186.jpg,117
train_099398.jpg,78
train_000174.jpg,224
train_000429.jpg,40
train_034661.jpg,241
train_047396.jpg,117
train_082571.jpg,94
train_012100.jpg,38
train_004374.jpg,100
train_004478.jpg,58
train_001749.jpg,67
train_001845.jpg,117
train_002143.jpg,80
train_011119.jpg,143
train_039714.jpg,62
train_085992.jpg,112
train_086253.jpg,218
train_086264.jpg,202
train_061910.jpg,228
train_063356.jpg,28
train_063569.jpg,125
train_037461.jpg,143
train_078143.jpg,104
train_078319.jpg,129
train_094226.jpg,125
train_094346.jpg,118
train_005059.jpg,202
train_005091.jpg,143
train_100470.jpg,213
train_071759.jpg,175
train_071843.jpg,61
train_071872.jpg,7
train_052743.jpg,207
train_052926.jpg,58
train_052983.jpg,33
train_015934.jpg,175
train_038471.jpg,117
train_018769.jpg,246
train_014703.jpg,20
train_014747.jpg,33
train_014786.jpg,67
train_015041.jpg,131
train_081239.jpg,129
train_081256.jpg,145
train_081547.jpg,185
train_081621.jpg,117
train_101206.jpg,246
train_101388.jpg,125
train_101593.jpg,125
train_042005.jpg,117
train_042224.jpg,61
train_093146.jpg,125
train_036649.jpg,175
train_036700.jpg,250
train_077751.jpg,4
train_077767.jpg,146
train_074897.jpg,117
train_048312.jpg,176
train_048576.jpg,60
train_099166.jpg,40
train_072423.jpg,118
train_011238.jpg,10
train_011257.jpg,141
train_011347.jpg,110
train_041330.jpg,175
train_041345.jpg,189
train_041415.jpg,37
train_050303.jpg,240
train_078823.jpg,152
train_083057.jpg,72
train_083337.jpg,26
train_002298.jpg,145
train_002304.jpg,166
train_002386.jpg,117
train_002716.jpg,54
train_058037.jpg,58
train_030062.jpg,27
train_030240.jpg,147
train_046202.jpg,125
train_037003.jpg,207
train_037136.jpg,143
train_088647.jpg,203
train_088657.jpg,175
train_088942.jpg,125
train_050793.jpg,198
train_050822.jpg,102
train_030469.jpg,170
train_030511.jpg,174
train_030514.jpg,175
train_030523.jpg,205
train_030607.jpg,175
train_030793.jpg,129
train_053493.jpg,125
train_049782.jpg,104
train_049998.jpg,202
train_050006.jpg,53
train_049168.jpg,108
train_054122.jpg,32
train_054297.jpg,168
train_054593.jpg,90
train_016811.jpg,4
train_044230.jpg,58
train_044437.jpg,67
train_084286.jpg,141
train_046540.jpg,82
train_046892.jpg,118
train_008561.jpg,125
train_008635.jpg,146
train_089212.jpg,67
train_003311.jpg,118
train_003462.jpg,71
train_003674.jpg,147
train_052317.jpg,47
train_025938.jpg,171
train_061094.jpg,67
train_061343.jpg,250
train_061376.jpg,125
train_025564.jpg,33
train_025683.jpg,61
train_027624.jpg,127
train_053571.jpg,132
train_053611.jpg,132
train_101017.jpg,129
train_076766.jpg,202
train_077142.jpg,145
train_066267.jpg,85
train_066283.jpg,90
train_090584.jpg,84
train_040593.jpg,69
train_040596.jpg,74
train_060529.jpg,117
train_060691.jpg,228
train_060698.jpg,145
train_060857.jpg,141
train_044596.jpg,125
train_044761.jpg,143
train_079178.jpg,147
train_075196.jpg,202
train_075551.jpg,100
train_073521.jpg,129
train_009994.jpg,87
train_010059.jpg,189
train_097075.jpg,143
train_043291.jpg,67
train_043402.jpg,63
train_064541.jpg,14
train_018199.jpg,189
train_018347.jpg,125
train_034918.jpg,74
train_035341.jpg,145
train_043821.jpg,164
train_009451.jpg,125
train_009604.jpg,117
train_014314.jpg,197
train_014444.jpg,47
train_039517.jpg,33
train_039588.jpg,147
train_092615.jpg,78
train_002799.jpg,202
train_002960.jpg,147
train_003024.jpg,67
train_029297.jpg,128
train_099866.jpg,174
train_099873.jpg,125
train_099907.jpg,78
train_005398.jpg,40
train_005481.jpg,129
train_005622.jpg,61
train_013950.jpg,114
train_013994.jpg,197
train_065794.jpg,83
train_065938.jpg,120
train_068655.jpg,7
train_068923.jpg,125
train_091139.jpg,40
train_071015.jpg,147
train_071095.jpg,230
train_071121.jpg,129
train_051841.jpg,40
train_051878.jpg,117
train_102629.jpg,234
train_103326.jpg,74
train_103588.jpg,175
train_103658.jpg,125
train_103679.jpg,173
train_104363.jpg,197
train_104422.jpg,78
train_104718.jpg,125
train_104818.jpg,105
train_105153.jpg,198
train_105378.jpg,125
train_105475.jpg,125
train_106221.jpg,174
train_106634.jpg,230
train_107140.jpg,117
train_107786.jpg,77
train_107886.jpg,157
train_108055.jpg,170
train_108160.jpg,117
train_108404.jpg,71
train_108414.jpg,6
train_108845.jpg,86
train_108954.jpg,117
train_109045.jpg,230
train_109354.jpg,48
train_109440.jpg,118
train_109708.jpg,145
train_110230.jpg,53
train_110450.jpg,205
train_111197.jpg,67
train_111849.jpg,213
train_112210.jpg,85
train_112884.jpg,125
train_112979.jpg,175
train_113839.jpg,233
train_113900.jpg,141
train_114069.jpg,175
train_115623.jpg,132
train_115641.jpg,117
train_116157.jpg,125
train_116304.jpg,48
train_116343.jpg,117
train_116383.jpg,7
train_116599.jpg,128
train_116682.jpg,213
train_117168.jpg,157
train_117607.jpg,13
train_118108.jpg,226
train_118551.jpg,140
train_118608.jpg,9
train_119054.jpg,175
train_119065.jpg,125
train_119469.jpg,104
train_119665.jpg,107
train_119718.jpg,95
train_120119.jpg,67
