train_059371.jpg,0
train_089398.jpg,1
train_062381.jpg,2
train_067031.jpg,3
train_040012.jpg,4
train_074191.jpg,5
train_069104.jpg,6
train_024255.jpg,7
train_085321.jpg,8
train_008697.jpg,9
train_006793.jpg,10
train_075674.jpg,11
train_032521.jpg,12
train_026411.jpg,13
train_006384.jpg,14
train_069559.jpg,15
train_017653.jpg,16
train_022920.jpg,17
train_054633.jpg,18
train_089890.jpg,19
train_084813.jpg,20
train_097940.jpg,21
train_027769.jpg,22
train_071221.jpg,23
train_023901.jpg,24
train_026767.jpg,25
train_033664.jpg,26
train_086742.jpg,27
train_055797.jpg,28
train_097400.jpg,29
train_022421.jpg,30
train_011628.jpg,31
train_094889.jpg,32
train_031523.jpg,33
train_098387.jpg,34
train_095781.jpg,35
train_016178.jpg,36
train_062801.jpg,37
train_031937.jpg,38
train_055239.jpg,39
train_005796.jpg,40
train_087943.jpg,41
train_092023.jpg,42
train_051158.jpg,43
train_021459.jpg,44
train_042286.jpg,45
train_015074.jpg,46
train_007653.jpg,47
train_081647.jpg,48
train_035884.jpg,49
train_080743.jpg,50
train_020919.jpg,51
train_047533.jpg,52
train_020414.jpg,53
train_056282.jpg,54
train_059991.jpg,55
train_068147.jpg,56
train_019261.jpg,57
train_001148.jpg,58
train_037852.jpg,59
train_013037.jpg,60
train_079861.jpg,61
train_030984.jpg,62
train_063679.jpg,63
train_073646.jpg,64
train_082056.jpg,65
train_034139.jpg,66
train_010119.jpg,67
train_040878.jpg,68
train_057345.jpg,69
train_087552.jpg,70
train_004491.jpg,71
train_035373.jpg,72
train_023442.jpg,73
train_094553.jpg,74
train_070365.jpg,75
train_045055.jpg,76
train_056863.jpg,77
train_093566.jpg,78
train_024642.jpg,79
train_029533.jpg,80
train_069868.jpg,81
train_028205.jpg,82
train_084315.jpg,83
train_012651.jpg,84
train_058383.jpg,85
train_003686.jpg,86
train_028901.jpg,87
train_007149.jpg,88
train_095394.jpg,89
train_000582.jpg,90
train_019850.jpg,91
train_021869.jpg,92
train_099335.jpg,93
train_000027.jpg,94
train_034538.jpg,95
train_047029.jpg,96
train_082603.jpg,97
train_012014.jpg,98
train_087214.jpg,99
train_004058.jpg,100
train_001650.jpg,101
train_010606.jpg,102
train_039694.jpg,103
train_085893.jpg,104
train_058856.jpg,105
train_066536.jpg,106
train_061417.jpg,107
train_063198.jpg,108
train_037380.jpg,109
train_076244.jpg,110
train_078134.jpg,111
train_094004.jpg,112
train_004944.jpg,113
train_100439.jpg,114
train_071775.jpg,115
train_052656.jpg,116
train_015572.jpg,117
train_038442.jpg,118
train_018661.jpg,119
train_077208.jpg,120
train_014645.jpg,121
train_081196.jpg,122
train_101210.jpg,123
train_041736.jpg,124
train_049322.jpg,125
train_093066.jpg,126
train_036470.jpg,127
train_077724.jpg,128
train_074599.jpg,129
train_048195.jpg,130
train_080329.jpg,131
train_098825.jpg,132
train_072336.jpg,133
train_048615.jpg,134
train_011177.jpg,135
train_041282.jpg,136
train_050285.jpg,137
train_078635.jpg,138
train_082974.jpg,139
train_002223.jpg,140
train_057780.jpg,141
train_096294.jpg,142
train_029893.jpg,143
train_046083.jpg,144
train_067663.jpg,145
train_036922.jpg,146
train_088421.jpg,147
train_061944.jpg,148
train_050796.jpg,149
train_030413.jpg,150
train_053093.jpg,151
train_049778.jpg,152
train_049009.jpg,153
train_086367.jpg,154
train_054018.jpg,155
train_016650.jpg,156
train_044002.jpg,157
train_064650.jpg,158
train_083987.jpg,159
train_046507.jpg,160
train_008131.jpg,161
train_039660.jpg,162
train_072776.jpg,163
train_089059.jpg,164
train_033166.jpg,165
train_003261.jpg,166
train_017196.jpg,167
train_052067.jpg,168
train_025775.jpg,169
train_061023.jpg,170
train_025239.jpg,171
train_027182.jpg,172
train_053523.jpg,173
train_100912.jpg,174
train_076661.jpg,175
train_065990.jpg,176
train_090446.jpg,177
train_045583.jpg,178
train_065191.jpg,179
train_040518.jpg,180
train_060526.jpg,181
train_044498.jpg,182
train_079147.jpg,183
train_075225.jpg,184
train_091481.jpg,185
train_079497.jpg,186
train_073231.jpg,187
train_009683.jpg,188
train_096837.jpg,189
train_043239.jpg,190
train_064115.jpg,191
train_018164.jpg,192
train_034902.jpg,193
train_043613.jpg,194
train_009159.jpg,195
train_014106.jpg,196
train_039074.jpg,197
train_092512.jpg,198
train_002796.jpg,199
train_029173.jpg,200
train_099850.jpg,201
train_005350.jpg,202
train_013611.jpg,203
train_065634.jpg,204
train_068624.jpg,205
train_090951.jpg,206
train_083572.jpg,207
train_042818.jpg,208
train_070903.jpg,209
train_051741.jpg,210
train_101742.jpg,211
train_102307.jpg,212
train_102809.jpg,213
train_103146.jpg,214
train_103575.jpg,215
train_104203.jpg,216
train_104538.jpg,217
train_104931.jpg,218
train_105586.jpg,219
train_106315.jpg,220
train_106757.jpg,221
train_107041.jpg,222
train_107396.jpg,223
train_107844.jpg,224
train_108241.jpg,225
train_108759.jpg,226
train_109249.jpg,227
train_109857.jpg,228
train_110338.jpg,229
train_110746.jpg,230
train_111179.jpg,231
train_111673.jpg,232
train_112157.jpg,233
train_112550.jpg,234
train_112961.jpg,235
train_113429.jpg,236
train_113912.jpg,237
train_114512.jpg,238
train_114938.jpg,239
train_115375.jpg,240
train_115909.jpg,241
train_116352.jpg,242
train_116728.jpg,243
train_117138.jpg,244
train_117658.jpg,245
train_117955.jpg,246
train_118542.jpg,247
train_118928.jpg,248
train_119259.jpg,249
train_119792.jpg,250