train_059713.jpg,0
train_059445.jpg,0
train_059893.jpg,0
train_059917.jpg,0
train_059371.jpg,0
train_059719.jpg,0
train_059921.jpg,0
train_059795.jpg,0
train_059837.jpg,0
train_059389.jpg,0
train_059425.jpg,0
train_059855.jpg,0
train_059928.jpg,0
train_089594.jpg,1
train_089613.jpg,1
train_089842.jpg,1
train_089407.jpg,1
train_089435.jpg,1
train_089844.jpg,1
train_089530.jpg,1
train_089510.jpg,1
train_089516.jpg,1
train_089783.jpg,1
train_089739.jpg,1
train_089740.jpg,1
train_089629.jpg,1
train_062569.jpg,2
train_062446.jpg,2
train_062412.jpg,2
train_062491.jpg,2
train_062702.jpg,2
train_062644.jpg,2
train_062627.jpg,2
train_062577.jpg,2
train_062510.jpg,2
train_062652.jpg,2
train_062538.jpg,2
train_062571.jpg,2
train_067554.jpg,3
train_067103.jpg,3
train_067353.jpg,3
train_067064.jpg,3
train_067323.jpg,3
train_067088.jpg,3
train_067031.jpg,3
train_067559.jpg,3
train_067490.jpg,3
train_067565.jpg,3
train_067421.jpg,3
train_067288.jpg,3
train_067157.jpg,3
train_040012.jpg,4
train_040070.jpg,4
train_040257.jpg,4
train_040424.jpg,4
train_040078.jpg,4
train_040434.jpg,4
train_040054.jpg,4
train_040187.jpg,4
train_040127.jpg,4
train_040438.jpg,4
train_040305.jpg,4
train_040198.jpg,4
train_040203.jpg,4
train_074241.jpg,5
train_074475.jpg,5
train_074481.jpg,5
train_074373.jpg,5
train_074191.jpg,5
train_074584.jpg,5
train_074328.jpg,5
train_074552.jpg,5
train_074223.jpg,5
train_074203.jpg,5
train_074207.jpg,5
train_074273.jpg,5
train_074351.jpg,5
train_069224.jpg,6
train_069123.jpg,6
train_069215.jpg,6
train_069104.jpg,6
train_069308.jpg,6
train_069207.jpg,6
train_069404.jpg,6
train_069151.jpg,6
train_069247.jpg,6
train_069347.jpg,6
train_069500.jpg,6
train_069430.jpg,6
train_069161.jpg,6
train_024402.jpg,7
train_024635.jpg,7
train_024332.jpg,7
train_024360.jpg,7
train_024565.jpg,7
train_024595.jpg,7
train_024381.jpg,7
train_024629.jpg,7
train_024389.jpg,7
train_024608.jpg,7
train_024314.jpg,7
train_024538.jpg,7
train_085787.jpg,8
train_085757.jpg,8
train_085566.jpg,8
train_085828.jpg,8
train_085723.jpg,8
train_085726.jpg,8
train_085614.jpg,8
train_085843.jpg,8
train_085693.jpg,8
train_085323.jpg,8
train_085511.jpg,8
train_085377.jpg,8
train_085554.jpg,8
train_008838.jpg,9
train_009027.jpg,9
train_009140.jpg,9
train_008865.jpg,9
train_008942.jpg,9
train_008887.jpg,9
train_008830.jpg,9
train_008719.jpg,9
train_009153.jpg,9
train_009120.jpg,9
train_008697.jpg,9
train_009143.jpg,9
train_008867.jpg,9
train_006890.jpg,10
train_006864.jpg,10
train_006891.jpg,10
train_006873.jpg,10
train_007105.jpg,10
train_007094.jpg,10
train_006807.jpg,10
train_006795.jpg,10
train_007052.jpg,10
train_007090.jpg,10
train_007016.jpg,10
train_006827.jpg,10
train_006925.jpg,10
train_075674.jpg,11
train_075822.jpg,11
train_075944.jpg,11
train_076127.jpg,11
train_076024.jpg,11
train_075994.jpg,11
train_076073.jpg,11
train_075772.jpg,11
train_075839.jpg,11
train_076147.jpg,11
train_075980.jpg,11
train_075945.jpg,11
train_075832.jpg,11
train_032603.jpg,12
train_032748.jpg,12
train_032955.jpg,12
train_033128.jpg,12
train_032521.jpg,12
train_032767.jpg,12
train_032832.jpg,12
train_032626.jpg,12
train_032687.jpg,12
train_032863.jpg,12
train_032902.jpg,12
train_032761.jpg,12
train_026714.jpg,13
train_026455.jpg,13
train_026416.jpg,13
train_026434.jpg,13
train_026563.jpg,13
train_026428.jpg,13
train_026686.jpg,13
train_026557.jpg,13
train_026579.jpg,13
train_026538.jpg,13
train_026478.jpg,13
train_026491.jpg,13
train_026411.jpg,13
train_006675.jpg,14
train_006622.jpg,14
train_006544.jpg,14
train_006553.jpg,14
train_006514.jpg,14
train_006541.jpg,14
train_006720.jpg,14
train_006385.jpg,14
train_006751.jpg,14
train_006557.jpg,14
train_006734.jpg,14
train_006610.jpg,14
train_006465.jpg,14
train_069704.jpg,15
train_069671.jpg,15
train_069579.jpg,15
train_069691.jpg,15
train_069614.jpg,15
train_069812.jpg,15
train_069731.jpg,15
train_069847.jpg,15
train_069654.jpg,15
train_069610.jpg,15
train_069559.jpg,15
train_069714.jpg,15
train_069651.jpg,15
train_018025.jpg,16
train_017653.jpg,16
train_017959.jpg,16
train_017828.jpg,16
train_017776.jpg,16
train_017698.jpg,16
train_017941.jpg,16
train_017862.jpg,16
train_018049.jpg,16
train_018005.jpg,16
train_018130.jpg,16
train_017994.jpg,16
train_018111.jpg,16
train_022972.jpg,17
train_023102.jpg,17
train_023249.jpg,17
train_022928.jpg,17
train_022941.jpg,17
train_022920.jpg,17
train_023206.jpg,17
train_023095.jpg,17
train_022956.jpg,17
train_023152.jpg,17
train_023076.jpg,17
train_023318.jpg,17
train_055151.jpg,18
train_054989.jpg,18
train_055124.jpg,18
train_054816.jpg,18
train_054633.jpg,18
train_055005.jpg,18
train_054809.jpg,18
train_054684.jpg,18
train_054803.jpg,18
train_054876.jpg,18
train_054799.jpg,18
train_054698.jpg,18
train_054755.jpg,18
train_089914.jpg,19
train_090295.jpg,19
train_089959.jpg,19
train_090363.jpg,19
train_090184.jpg,19
train_090233.jpg,19
train_090168.jpg,19
train_090207.jpg,19
train_090110.jpg,19
train_090340.jpg,19
train_089890.jpg,19
train_090157.jpg,19
train_090170.jpg,19
train_084910.jpg,20
train_085129.jpg,20
train_085068.jpg,20
train_085272.jpg,20
train_085171.jpg,20
train_085168.jpg,20
train_085245.jpg,20
train_084938.jpg,20
train_085035.jpg,20
train_085151.jpg,20
train_084920.jpg,20
train_084860.jpg,20
train_084838.jpg,20
train_098290.jpg,21
train_098206.jpg,21
train_098287.jpg,21
train_098330.jpg,21
train_098004.jpg,21
train_098268.jpg,21
train_098114.jpg,21
train_098296.jpg,21
train_098176.jpg,21
train_097940.jpg,21
train_098137.jpg,21
train_097956.jpg,21
train_098369.jpg,21
train_027802.jpg,22
train_027769.jpg,22
train_028115.jpg,22
train_028112.jpg,22
train_027820.jpg,22
train_027817.jpg,22
train_027974.jpg,22
train_028079.jpg,22
train_028071.jpg,22
train_028035.jpg,22
train_028061.jpg,22
train_028002.jpg,22
train_071469.jpg,23
train_071233.jpg,23
train_071358.jpg,23
train_071515.jpg,23
train_071467.jpg,23
train_071221.jpg,23
train_071392.jpg,23
train_071619.jpg,23
train_071550.jpg,23
train_071426.jpg,23
train_071614.jpg,23
train_071658.jpg,23
train_071554.jpg,23
train_023958.jpg,24
train_024093.jpg,24
train_024027.jpg,24
train_023901.jpg,24
train_024033.jpg,24
train_024243.jpg,24
train_023967.jpg,24
train_023912.jpg,24
train_023902.jpg,24
train_024084.jpg,24
train_023957.jpg,24
train_024136.jpg,24
train_024073.jpg,24
train_027011.jpg,25
train_027105.jpg,25
train_026921.jpg,25
train_026930.jpg,25
train_026964.jpg,25
train_027072.jpg,25
train_026767.jpg,25
train_026773.jpg,25
train_027097.jpg,25
train_026875.jpg,25
train_026837.jpg,25
train_027148.jpg,25
train_026961.jpg,25
train_033815.jpg,26
train_033969.jpg,26
train_034049.jpg,26
train_034001.jpg,26
train_033826.jpg,26
train_033689.jpg,26
train_033797.jpg,26
train_033943.jpg,26
train_033724.jpg,26
train_033739.jpg,26
train_033884.jpg,26
train_033854.jpg,26
train_033664.jpg,26
train_087209.jpg,27
train_086974.jpg,27
train_086783.jpg,27
train_086874.jpg,27
train_087054.jpg,27
train_086816.jpg,27
train_086745.jpg,27
train_086802.jpg,27
train_086875.jpg,27
train_086898.jpg,27
train_086742.jpg,27
train_086919.jpg,27
train_056026.jpg,28
train_056143.jpg,28
train_055810.jpg,28
train_056162.jpg,28
train_055831.jpg,28
train_055797.jpg,28
train_056253.jpg,28
train_056265.jpg,28
train_055895.jpg,28
train_056272.jpg,28
train_056264.jpg,28
train_056151.jpg,28
train_056072.jpg,28
train_097817.jpg,29
train_097926.jpg,29
train_097774.jpg,29
train_097626.jpg,29
train_097448.jpg,29
train_097843.jpg,29
train_097831.jpg,29
train_097881.jpg,29
train_097400.jpg,29
train_097648.jpg,29
train_097429.jpg,29
train_097718.jpg,29
train_097757.jpg,29
train_022626.jpg,30
train_022748.jpg,30
train_022693.jpg,30
train_022580.jpg,30
train_022421.jpg,30
train_022708.jpg,30
train_022726.jpg,30
train_022894.jpg,30
train_022631.jpg,30
train_022741.jpg,30
train_022893.jpg,30
train_022651.jpg,30
train_022842.jpg,30
train_011758.jpg,31
train_011742.jpg,31
train_011991.jpg,31
train_011995.jpg,31
train_011630.jpg,31
train_011952.jpg,31
train_011834.jpg,31
train_011961.jpg,31
train_011628.jpg,31
train_011888.jpg,31
train_011828.jpg,31
train_011646.jpg,31
train_011723.jpg,31
train_095072.jpg,32
train_094960.jpg,32
train_095264.jpg,32
train_095356.jpg,32
train_095342.jpg,32
train_095188.jpg,32
train_095167.jpg,32
train_095308.jpg,32
train_095232.jpg,32
train_094976.jpg,32
train_094935.jpg,32
train_095127.jpg,32
train_031699.jpg,33
train_031527.jpg,33
train_031603.jpg,33
train_031790.jpg,33
train_031870.jpg,33
train_031792.jpg,33
train_031823.jpg,33
train_031533.jpg,33
train_031580.jpg,33
train_031690.jpg,33
train_031555.jpg,33
train_031552.jpg,33
train_031842.jpg,33
train_098738.jpg,34
train_098721.jpg,34
train_098449.jpg,34
train_098392.jpg,34
train_098599.jpg,34
train_098592.jpg,34
train_098586.jpg,34
train_098677.jpg,34
train_098570.jpg,34
train_098426.jpg,34
train_098805.jpg,34
train_098479.jpg,34
train_098527.jpg,34
train_096219.jpg,35
train_096056.jpg,35
train_095781.jpg,35
train_095898.jpg,35
train_096107.jpg,35
train_095937.jpg,35
train_095981.jpg,35
train_096255.jpg,35
train_096090.jpg,35
train_095979.jpg,35
train_096144.jpg,35
train_095909.jpg,35
train_096147.jpg,35
train_016604.jpg,36
train_016318.jpg,36
train_016335.jpg,36
train_016645.jpg,36
train_016231.jpg,36
train_016471.jpg,36
train_016284.jpg,36
train_016409.jpg,36
train_016535.jpg,36
train_016178.jpg,36
train_016557.jpg,36
train_016402.jpg,36
train_016397.jpg,36
train_062878.jpg,37
train_063095.jpg,37
train_062835.jpg,37
train_062924.jpg,37
train_062836.jpg,37
train_062925.jpg,37
train_062901.jpg,37
train_062801.jpg,37
train_063008.jpg,37
train_062916.jpg,37
train_062988.jpg,37
train_062939.jpg,37
train_032351.jpg,38
train_032165.jpg,38
train_032378.jpg,38
train_032205.jpg,38
train_032211.jpg,38
train_032044.jpg,38
train_031994.jpg,38
train_031937.jpg,38
train_031945.jpg,38
train_032431.jpg,38
train_032364.jpg,38
train_031944.jpg,38
train_032444.jpg,38
train_055694.jpg,39
train_055703.jpg,39
train_055398.jpg,39
train_055595.jpg,39
train_055741.jpg,39
train_055389.jpg,39
train_055239.jpg,39
train_055461.jpg,39
train_055511.jpg,39
train_055393.jpg,39
train_055691.jpg,39
train_055348.jpg,39
train_055675.jpg,39
train_006048.jpg,40
train_006156.jpg,40
train_006258.jpg,40
train_006310.jpg,40
train_006133.jpg,40
train_006049.jpg,40
train_006276.jpg,40
train_006336.jpg,40
train_006090.jpg,40
train_006159.jpg,40
train_005984.jpg,40
train_005922.jpg,40
train_005796.jpg,40
train_088056.jpg,41
train_088384.jpg,41
train_088046.jpg,41
train_088273.jpg,41
train_088372.jpg,41
train_087957.jpg,41
train_088385.jpg,41
train_087943.jpg,41
train_088304.jpg,41
train_088198.jpg,41
train_088185.jpg,41
train_088205.jpg,41
train_088290.jpg,41
train_092102.jpg,42
train_092336.jpg,42
train_092197.jpg,42
train_092195.jpg,42
train_092283.jpg,42
train_092149.jpg,42
train_092067.jpg,42
train_092023.jpg,42
train_092093.jpg,42
train_092266.jpg,42
train_092049.jpg,42
train_092355.jpg,42
train_051473.jpg,43
train_051472.jpg,43
train_051158.jpg,43
train_051520.jpg,43
train_051285.jpg,43
train_051288.jpg,43
train_051415.jpg,43
train_051341.jpg,43
train_051362.jpg,43
train_051610.jpg,43
train_051273.jpg,43
train_051517.jpg,43
train_051259.jpg,43
train_021615.jpg,44
train_021722.jpg,44
train_021510.jpg,44
train_021608.jpg,44
train_021482.jpg,44
train_021679.jpg,44
train_021617.jpg,44
train_021565.jpg,44
train_021601.jpg,44
train_021782.jpg,44
train_021793.jpg,44
train_021688.jpg,44
train_021728.jpg,44
train_042709.jpg,45
train_042501.jpg,45
train_042693.jpg,45
train_042401.jpg,45
train_042603.jpg,45
train_042398.jpg,45
train_042353.jpg,45
train_042341.jpg,45
train_042386.jpg,45
train_042301.jpg,45
train_042679.jpg,45
train_042446.jpg,45
train_042746.jpg,45
train_015510.jpg,46
train_015180.jpg,46
train_015414.jpg,46
train_015492.jpg,46
train_015113.jpg,46
train_015223.jpg,46
train_015148.jpg,46
train_015117.jpg,46
train_015300.jpg,46
train_015213.jpg,46
train_015368.jpg,46
train_015074.jpg,46
train_015399.jpg,46
train_008049.jpg,47
train_007691.jpg,47
train_007933.jpg,47
train_007959.jpg,47
train_008026.jpg,47
train_007849.jpg,47
train_008064.jpg,47
train_007677.jpg,47
train_007756.jpg,47
train_007716.jpg,47
train_007752.jpg,47
train_008052.jpg,47
train_081767.jpg,48
train_081647.jpg,48
train_081873.jpg,48
train_081831.jpg,48
train_082015.jpg,48
train_081953.jpg,48
train_081721.jpg,48
train_081880.jpg,48
train_081735.jpg,48
train_081798.jpg,48
train_081885.jpg,48
train_081777.jpg,48
train_081995.jpg,48
train_036401.jpg,49
train_036058.jpg,49
train_036363.jpg,49
train_035920.jpg,49
train_036291.jpg,49
train_035884.jpg,49
train_036161.jpg,49
train_036287.jpg,49
train_036014.jpg,49
train_036350.jpg,49
train_036243.jpg,49
train_036333.jpg,49
train_036286.jpg,49
train_080863.jpg,50
train_081146.jpg,50
train_080889.jpg,50
train_080935.jpg,50
train_080825.jpg,50
train_080864.jpg,50
train_080928.jpg,50
train_080792.jpg,50
train_080785.jpg,50
train_080943.jpg,50
train_080811.jpg,50
train_081155.jpg,50
train_080956.jpg,50
train_020928.jpg,51
train_021151.jpg,51
train_021184.jpg,51
train_021135.jpg,51
train_021323.jpg,51
train_021019.jpg,51
train_021247.jpg,51
train_021168.jpg,51
train_021035.jpg,51
train_021355.jpg,51
train_021142.jpg,51
train_021268.jpg,51
train_020954.jpg,51
train_048062.jpg,52
train_047533.jpg,52
train_047978.jpg,52
train_047606.jpg,52
train_047685.jpg,52
train_047858.jpg,52
train_047988.jpg,52
train_047610.jpg,52
train_047698.jpg,52
train_047794.jpg,52
train_047833.jpg,52
train_047660.jpg,52
train_020451.jpg,53
train_020493.jpg,53
train_020477.jpg,53
train_020585.jpg,53
train_020699.jpg,53
train_020751.jpg,53
train_020845.jpg,53
train_020584.jpg,53
train_020612.jpg,53
train_020414.jpg,53
train_020758.jpg,53
train_020634.jpg,53
train_020746.jpg,53
train_056438.jpg,54
train_056796.jpg,54
train_056573.jpg,54
train_056647.jpg,54
train_056368.jpg,54
train_056325.jpg,54
train_056663.jpg,54
train_056282.jpg,54
train_056496.jpg,54
train_056794.jpg,54
train_056813.jpg,54
train_056478.jpg,54
train_056389.jpg,54
train_060335.jpg,55
train_060377.jpg,55
train_060150.jpg,55
train_060082.jpg,55
train_060177.jpg,55
train_060269.jpg,55
train_060166.jpg,55
train_060504.jpg,55
train_060217.jpg,55
train_060390.jpg,55
train_060480.jpg,55
train_060461.jpg,55
train_060084.jpg,55
train_068284.jpg,56
train_068389.jpg,56
train_068171.jpg,56
train_068332.jpg,56
train_068208.jpg,56
train_068379.jpg,56
train_068529.jpg,56
train_068589.jpg,56
train_068522.jpg,56
train_068452.jpg,56
train_068325.jpg,56
train_068445.jpg,56
train_068371.jpg,56
train_019500.jpg,57
train_019579.jpg,57
train_019800.jpg,57
train_019265.jpg,57
train_019638.jpg,57
train_019261.jpg,57
train_019688.jpg,57
train_019383.jpg,57
train_019560.jpg,57
train_019427.jpg,57
train_019589.jpg,57
train_019651.jpg,57
train_001248.jpg,58
train_001480.jpg,58
train_001188.jpg,58
train_001465.jpg,58
train_001467.jpg,58
train_001249.jpg,58
train_001233.jpg,58
train_001148.jpg,58
train_001365.jpg,58
train_001177.jpg,58
train_001234.jpg,58
train_001294.jpg,58
train_001428.jpg,58
train_037852.jpg,59
train_038124.jpg,59
train_038353.jpg,59
train_038099.jpg,59
train_037969.jpg,59
train_038029.jpg,59
train_037998.jpg,59
train_038433.jpg,59
train_038042.jpg,59
train_038223.jpg,59
train_038184.jpg,59
train_038145.jpg,59
train_037909.jpg,59
train_013037.jpg,60
train_013137.jpg,60
train_013190.jpg,60
train_013048.jpg,60
train_013554.jpg,60
train_013354.jpg,60
train_013227.jpg,60
train_013182.jpg,60
train_013206.jpg,60
train_013424.jpg,60
train_013532.jpg,60
train_013455.jpg,60
train_013215.jpg,60
train_080007.jpg,61
train_080048.jpg,61
train_079966.jpg,61
train_079930.jpg,61
train_080140.jpg,61
train_080156.jpg,61
train_080033.jpg,61
train_080258.jpg,61
train_080014.jpg,61
train_080063.jpg,61
train_079995.jpg,61
train_080194.jpg,61
train_079967.jpg,61
train_031419.jpg,62
train_031028.jpg,62
train_031212.jpg,62
train_031298.jpg,62
train_031424.jpg,62
train_031121.jpg,62
train_031270.jpg,62
train_030986.jpg,62
train_030984.jpg,62
train_031193.jpg,62
train_031095.jpg,62
train_031126.jpg,62
train_063743.jpg,63
train_063789.jpg,63
train_063897.jpg,63
train_063725.jpg,63
train_063754.jpg,63
train_063896.jpg,63
train_063828.jpg,63
train_063935.jpg,63
train_064114.jpg,63
train_063954.jpg,63
train_064062.jpg,63
train_063741.jpg,63
train_063726.jpg,63
train_073917.jpg,64
train_074125.jpg,64
train_073997.jpg,64
train_073987.jpg,64
train_073874.jpg,64
train_074062.jpg,64
train_073668.jpg,64
train_074170.jpg,64
train_073646.jpg,64
train_073897.jpg,64
train_073839.jpg,64
train_073789.jpg,64
train_073703.jpg,64
train_082450.jpg,65
train_082100.jpg,65
train_082544.jpg,65
train_082402.jpg,65
train_082386.jpg,65
train_082248.jpg,65
train_082331.jpg,65
train_082347.jpg,65
train_082387.jpg,65
train_082141.jpg,65
train_082268.jpg,65
train_082195.jpg,65
train_082138.jpg,65
train_034441.jpg,66
train_034434.jpg,66
train_034183.jpg,66
train_034139.jpg,66
train_034325.jpg,66
train_034388.jpg,66
train_034417.jpg,66
train_034171.jpg,66
train_034366.jpg,66
train_034433.jpg,66
train_034273.jpg,66
train_034165.jpg,66
train_034454.jpg,66
train_010528.jpg,67
train_010463.jpg,67
train_010331.jpg,67
train_010254.jpg,67
train_010140.jpg,67
train_010129.jpg,67
train_010177.jpg,67
train_010132.jpg,67
train_010119.jpg,67
train_010384.jpg,67
train_010429.jpg,67
train_010207.jpg,67
train_040878.jpg,68
train_040920.jpg,68
train_040981.jpg,68
train_040991.jpg,68
train_041087.jpg,68
train_040904.jpg,68
train_040988.jpg,68
train_040886.jpg,68
train_040984.jpg,68
train_040998.jpg,68
train_041224.jpg,68
train_041106.jpg,68
train_040968.jpg,68
train_057737.jpg,69
train_057713.jpg,69
train_057375.jpg,69
train_057345.jpg,69
train_057553.jpg,69
train_057593.jpg,69
train_057442.jpg,69
train_057656.jpg,69
train_057502.jpg,69
train_057693.jpg,69
train_057530.jpg,69
train_057636.jpg,69
train_057532.jpg,69
train_087594.jpg,70
train_087837.jpg,70
train_087836.jpg,70
train_087854.jpg,70
train_087587.jpg,70
train_087813.jpg,70
train_087809.jpg,70
train_087732.jpg,70
train_087738.jpg,70
train_087772.jpg,70
train_087856.jpg,70
train_087872.jpg,70
train_087793.jpg,70
train_004615.jpg,71
train_004544.jpg,71
train_004726.jpg,71
train_004672.jpg,71
train_004701.jpg,71
train_004666.jpg,71
train_004549.jpg,71
train_004882.jpg,71
train_004815.jpg,71
train_004772.jpg,71
train_004512.jpg,71
train_004539.jpg,71
train_004852.jpg,71
train_035448.jpg,72
train_035767.jpg,72
train_035499.jpg,72
train_035564.jpg,72
train_035761.jpg,72
train_035643.jpg,72
train_035590.jpg,72
train_035574.jpg,72
train_035516.jpg,72
train_035843.jpg,72
train_035830.jpg,72
train_035795.jpg,72
train_023649.jpg,73
train_023527.jpg,73
train_023516.jpg,73
train_023552.jpg,73
train_023711.jpg,73
train_023680.jpg,73
train_023688.jpg,73
train_023572.jpg,73
train_023641.jpg,73
train_023465.jpg,73
train_023481.jpg,73
train_023827.jpg,73
train_023697.jpg,73
train_094768.jpg,74
train_094752.jpg,74
train_094759.jpg,74
train_094716.jpg,74
train_094858.jpg,74
train_094630.jpg,74
train_094708.jpg,74
train_094625.jpg,74
train_094862.jpg,74
train_094743.jpg,74
train_094721.jpg,74
train_094567.jpg,74
train_094643.jpg,74
train_070404.jpg,75
train_070740.jpg,75
train_070848.jpg,75
train_070681.jpg,75
train_070883.jpg,75
train_070516.jpg,75
train_070738.jpg,75
train_070414.jpg,75
train_070365.jpg,75
train_070799.jpg,75
train_070492.jpg,75
train_070752.jpg,75
train_070620.jpg,75
train_045538.jpg,76
train_045073.jpg,76
train_045446.jpg,76
train_045130.jpg,76
train_045287.jpg,76
train_045422.jpg,76
train_045351.jpg,76
train_045416.jpg,76
train_045083.jpg,76
train_045059.jpg,76
train_045444.jpg,76
train_045385.jpg,76
train_045461.jpg,76
train_057281.jpg,77
train_057125.jpg,77
train_057000.jpg,77
train_056981.jpg,77
train_057231.jpg,77
train_057137.jpg,77
train_057122.jpg,77
train_056892.jpg,77
train_057074.jpg,77
train_057206.jpg,77
train_057213.jpg,77
train_057018.jpg,77
train_093708.jpg,78
train_093866.jpg,78
train_093921.jpg,78
train_093794.jpg,78
train_093652.jpg,78
train_093566.jpg,78
train_093590.jpg,78
train_093722.jpg,78
train_093596.jpg,78
train_093694.jpg,78
train_093948.jpg,78
train_093662.jpg,78
train_093877.jpg,78
train_024980.jpg,79
train_025209.jpg,79
train_024866.jpg,79
train_024772.jpg,79
train_024803.jpg,79
train_024642.jpg,79
train_024884.jpg,79
train_024733.jpg,79
train_024834.jpg,79
train_024685.jpg,79
train_024745.jpg,79
train_024776.jpg,79
train_025120.jpg,79
train_029764.jpg,80
train_029593.jpg,80
train_029766.jpg,80
train_029601.jpg,80
train_029565.jpg,80
train_029547.jpg,80
train_029691.jpg,80
train_029661.jpg,80
train_029641.jpg,80
train_029564.jpg,80
train_029607.jpg,80
train_029833.jpg,80
train_029773.jpg,80
train_070033.jpg,81
train_069868.jpg,81
train_070334.jpg,81
train_070225.jpg,81
train_070297.jpg,81
train_070220.jpg,81
train_070048.jpg,81
train_070119.jpg,81
train_070214.jpg,81
train_070200.jpg,81
train_070167.jpg,81
train_070162.jpg,81
train_070185.jpg,81
train_028213.jpg,82
train_028483.jpg,82
train_028248.jpg,82
train_028702.jpg,82
train_028282.jpg,82
train_028564.jpg,82
train_028456.jpg,82
train_028205.jpg,82
train_028686.jpg,82
train_028275.jpg,82
train_028664.jpg,82
train_028688.jpg,82
train_084648.jpg,83
train_084587.jpg,83
train_084324.jpg,83
train_084605.jpg,83
train_084703.jpg,83
train_084629.jpg,83
train_084764.jpg,83
train_084412.jpg,83
train_084583.jpg,83
train_084315.jpg,83
train_084371.jpg,83
train_084698.jpg,83
train_084725.jpg,83
train_012655.jpg,84
train_012678.jpg,84
train_012865.jpg,84
train_012741.jpg,84
train_012708.jpg,84
train_012681.jpg,84
train_012954.jpg,84
train_012720.jpg,84
train_012878.jpg,84
train_012874.jpg,84
train_012807.jpg,84
train_012937.jpg,84
train_012651.jpg,84
train_058766.jpg,85
train_058666.jpg,85
train_058383.jpg,85
train_058386.jpg,85
train_058611.jpg,85
train_058544.jpg,85
train_058728.jpg,85
train_058703.jpg,85
train_058649.jpg,85
train_058512.jpg,85
train_058501.jpg,85
train_058592.jpg,85
train_058559.jpg,85
train_003880.jpg,86
train_003720.jpg,86
train_003686.jpg,86
train_003848.jpg,86
train_003915.jpg,86
train_003897.jpg,86
train_003785.jpg,86
train_003691.jpg,86
train_004023.jpg,86
train_003743.jpg,86
train_003821.jpg,86
train_003832.jpg,86
train_003923.jpg,86
train_028934.jpg,87
train_029153.jpg,87
train_029093.jpg,87
train_028960.jpg,87
train_028901.jpg,87
train_028984.jpg,87
train_029066.jpg,87
train_029028.jpg,87
train_029023.jpg,87
train_029058.jpg,87
train_028947.jpg,87
train_029042.jpg,87
train_007227.jpg,88
train_007337.jpg,88
train_007421.jpg,88
train_007343.jpg,88
train_007625.jpg,88
train_007212.jpg,88
train_007383.jpg,88
train_007453.jpg,88
train_007435.jpg,88
train_007149.jpg,88
train_007310.jpg,88
train_007348.jpg,88
train_007426.jpg,88
train_095499.jpg,89
train_095402.jpg,89
train_095525.jpg,89
train_095681.jpg,89
train_095462.jpg,89
train_095627.jpg,89
train_095665.jpg,89
train_095466.jpg,89
train_095420.jpg,89
train_095573.jpg,89
train_095465.jpg,89
train_095405.jpg,89
train_095697.jpg,89
train_000620.jpg,90
train_000792.jpg,90
train_000661.jpg,90
train_001044.jpg,90
train_000591.jpg,90
train_000618.jpg,90
train_000861.jpg,90
train_001124.jpg,90
train_000582.jpg,90
train_000740.jpg,90
train_000935.jpg,90
train_000848.jpg,90
train_000905.jpg,90
train_020361.jpg,91
train_019852.jpg,91
train_020281.jpg,91
train_019961.jpg,91
train_020363.jpg,91
train_020335.jpg,91
train_020106.jpg,91
train_020280.jpg,91
train_020328.jpg,91
train_020223.jpg,91
train_020260.jpg,91
train_020080.jpg,91
train_020088.jpg,91
train_022278.jpg,92
train_022096.jpg,92
train_021869.jpg,92
train_022324.jpg,92
train_021963.jpg,92
train_022249.jpg,92
train_022207.jpg,92
train_022295.jpg,92
train_021920.jpg,92
train_022368.jpg,92
train_021942.jpg,92
train_022022.jpg,92
train_099656.jpg,93
train_099723.jpg,93
train_099732.jpg,93
train_099646.jpg,93
train_099814.jpg,93
train_099832.jpg,93
train_099478.jpg,93
train_099834.jpg,93
train_099670.jpg,93
train_099773.jpg,93
train_099744.jpg,93
train_099460.jpg,93
train_099693.jpg,93
train_000233.jpg,94
train_000268.jpg,94
train_000205.jpg,94
train_000438.jpg,94
train_000303.jpg,94
train_000316.jpg,94
train_000489.jpg,94
train_000398.jpg,94
train_000334.jpg,94
train_000206.jpg,94
train_000027.jpg,94
train_000450.jpg,94
train_000396.jpg,94
train_034819.jpg,95
train_034791.jpg,95
train_034762.jpg,95
train_034685.jpg,95
train_034538.jpg,95
train_034845.jpg,95
train_034686.jpg,95
train_034690.jpg,95
train_034644.jpg,95
train_034833.jpg,95
train_034810.jpg,95
train_034614.jpg,95
train_034638.jpg,95
train_047043.jpg,96
train_047480.jpg,96
train_047172.jpg,96
train_047220.jpg,96
train_047488.jpg,96
train_047235.jpg,96
train_047401.jpg,96
train_047029.jpg,96
train_047346.jpg,96
train_047428.jpg,96
train_047379.jpg,96
train_047352.jpg,96
train_047234.jpg,96
train_082879.jpg,97
train_082916.jpg,97
train_082603.jpg,97
train_082954.jpg,97
train_082808.jpg,97
train_082970.jpg,97
train_082697.jpg,97
train_082926.jpg,97
train_082637.jpg,97
train_082666.jpg,97
train_082764.jpg,97
train_082966.jpg,97
train_012226.jpg,98
train_012572.jpg,98
train_012300.jpg,98
train_012058.jpg,98
train_012519.jpg,98
train_012460.jpg,98
train_012147.jpg,98
train_012108.jpg,98
train_012574.jpg,98
train_012397.jpg,98
train_012237.jpg,98
train_012539.jpg,98
train_012125.jpg,98
train_087531.jpg,99
train_087237.jpg,99
train_087535.jpg,99
train_087523.jpg,99
train_087511.jpg,99
train_087214.jpg,99
train_087336.jpg,99
train_087347.jpg,99
train_087363.jpg,99
train_087232.jpg,99
train_087510.jpg,99
train_087362.jpg,99
train_087382.jpg,99
train_004328.jpg,100
train_004059.jpg,100
train_004272.jpg,100
train_004183.jpg,100
train_004288.jpg,100
train_004354.jpg,100
train_004243.jpg,100
train_004257.jpg,100
train_004084.jpg,100
train_004388.jpg,100
train_004058.jpg,100
train_004315.jpg,100
train_004111.jpg,100
train_001710.jpg,101
train_001890.jpg,101
train_001658.jpg,101
train_002171.jpg,101
train_001708.jpg,101
train_001843.jpg,101
train_002128.jpg,101
train_001758.jpg,101
train_001953.jpg,101
train_001774.jpg,101
train_001832.jpg,101
train_002112.jpg,101
train_001865.jpg,101
train_011105.jpg,102
train_010884.jpg,102
train_010932.jpg,102
train_010811.jpg,102
train_011124.jpg,102
train_010838.jpg,102
train_010933.jpg,102
train_010808.jpg,102
train_011050.jpg,102
train_010718.jpg,102
train_010861.jpg,102
train_010620.jpg,102
train_039758.jpg,103
train_039717.jpg,103
train_039943.jpg,103
train_039872.jpg,103
train_039829.jpg,103
train_039782.jpg,103
train_039792.jpg,103
train_039979.jpg,103
train_039836.jpg,103
train_039868.jpg,103
train_039831.jpg,103
train_039816.jpg,103
train_039694.jpg,103
train_086209.jpg,104
train_086198.jpg,104
train_086325.jpg,104
train_085997.jpg,104
train_086277.jpg,104
train_086275.jpg,104
train_085995.jpg,104
train_086210.jpg,104
train_086000.jpg,104
train_086067.jpg,104
train_086288.jpg,104
train_086320.jpg,104
train_085893.jpg,104
train_058986.jpg,105
train_059179.jpg,105
train_059060.jpg,105
train_059325.jpg,105
train_058861.jpg,105
train_059264.jpg,105
train_058977.jpg,105
train_059176.jpg,105
train_058883.jpg,105
train_059082.jpg,105
train_059137.jpg,105
train_059086.jpg,105
train_059280.jpg,105
train_066758.jpg,106
train_066775.jpg,106
train_066536.jpg,106
train_066867.jpg,106
train_066785.jpg,106
train_066605.jpg,106
train_066933.jpg,106
train_066665.jpg,106
train_066708.jpg,106
train_066757.jpg,106
train_066956.jpg,106
train_066973.jpg,106
train_066821.jpg,106
train_061738.jpg,107
train_061467.jpg,107
train_061432.jpg,107
train_061474.jpg,107
train_061417.jpg,107
train_061822.jpg,107
train_061690.jpg,107
train_061878.jpg,107
train_061869.jpg,107
train_061572.jpg,107
train_061512.jpg,107
train_061836.jpg,107
train_063632.jpg,108
train_063546.jpg,108
train_063377.jpg,108
train_063198.jpg,108
train_063287.jpg,108
train_063459.jpg,108
train_063402.jpg,108
train_063249.jpg,108
train_063285.jpg,108
train_063200.jpg,108
train_063409.jpg,108
train_063572.jpg,108
train_063264.jpg,108
train_037570.jpg,109
train_037702.jpg,109
train_037812.jpg,109
train_037603.jpg,109
train_037656.jpg,109
train_037778.jpg,109
train_037807.jpg,109
train_037709.jpg,109
train_037756.jpg,109
train_037612.jpg,109
train_037750.jpg,109
train_037773.jpg,109
train_037568.jpg,109
train_076561.jpg,110
train_076347.jpg,110
train_076300.jpg,110
train_076331.jpg,110
train_076405.jpg,110
train_076501.jpg,110
train_076578.jpg,110
train_076577.jpg,110
train_076366.jpg,110
train_076326.jpg,110
train_076375.jpg,110
train_076362.jpg,110
train_076606.jpg,110
train_078496.jpg,111
train_078550.jpg,111
train_078434.jpg,111
train_078314.jpg,111
train_078354.jpg,111
train_078293.jpg,111
train_078134.jpg,111
train_078243.jpg,111
train_078196.jpg,111
train_078297.jpg,111
train_078343.jpg,111
train_078138.jpg,111
train_078279.jpg,111
train_094520.jpg,112
train_094160.jpg,112
train_094069.jpg,112
train_094100.jpg,112
train_094004.jpg,112
train_094499.jpg,112
train_094354.jpg,112
train_094239.jpg,112
train_094339.jpg,112
train_094116.jpg,112
train_094307.jpg,112
train_094072.jpg,112
train_005065.jpg,113
train_005187.jpg,113
train_005178.jpg,113
train_004994.jpg,113
train_005115.jpg,113
train_005211.jpg,113
train_004966.jpg,113
train_005266.jpg,113
train_005159.jpg,113
train_005335.jpg,113
train_005210.jpg,113
train_005099.jpg,113
train_005066.jpg,113
train_100800.jpg,114
train_100808.jpg,114
train_100439.jpg,114
train_100863.jpg,114
train_100819.jpg,114
train_100818.jpg,114
train_100681.jpg,114
train_100604.jpg,114
train_100501.jpg,114
train_100810.jpg,114
train_100548.jpg,114
train_100764.jpg,114
train_100814.jpg,114
train_072134.jpg,115
train_072186.jpg,115
train_072105.jpg,115
train_071846.jpg,115
train_072263.jpg,115
train_072106.jpg,115
train_071922.jpg,115
train_072176.jpg,115
train_071822.jpg,115
train_072306.jpg,115
train_072150.jpg,115
train_071973.jpg,115
train_071775.jpg,115
train_052954.jpg,116
train_052894.jpg,116
train_052893.jpg,116
train_052914.jpg,116
train_052656.jpg,116
train_052969.jpg,116
train_052924.jpg,116
train_052672.jpg,116
train_052863.jpg,116
train_052825.jpg,116
train_053008.jpg,116
train_052857.jpg,116
train_052728.jpg,116
train_015818.jpg,117
train_015838.jpg,117
train_015976.jpg,117
train_015572.jpg,117
train_016020.jpg,117
train_015820.jpg,117
train_015806.jpg,117
train_015985.jpg,117
train_015996.jpg,117
train_015907.jpg,117
train_016009.jpg,117
train_015597.jpg,117
train_038828.jpg,118
train_038816.jpg,118
train_038754.jpg,118
train_038928.jpg,118
train_038866.jpg,118
train_038707.jpg,118
train_038537.jpg,118
train_038851.jpg,118
train_038931.jpg,118
train_038889.jpg,118
train_038838.jpg,118
train_038767.jpg,118
train_038783.jpg,118
train_018661.jpg,119
train_018766.jpg,119
train_018986.jpg,119
train_018976.jpg,119
train_018726.jpg,119
train_018705.jpg,119
train_019100.jpg,119
train_019137.jpg,119
train_019007.jpg,119
train_019104.jpg,119
train_019126.jpg,119
train_019043.jpg,119
train_018879.jpg,119
train_077693.jpg,120
train_077529.jpg,120
train_077524.jpg,120
train_077258.jpg,120
train_077506.jpg,120
train_077262.jpg,120
train_077559.jpg,120
train_077353.jpg,120
train_077449.jpg,120
train_077208.jpg,120
train_077214.jpg,120
train_077389.jpg,120
train_077380.jpg,120
train_014714.jpg,121
train_014645.jpg,121
train_015034.jpg,121
train_015007.jpg,121
train_015004.jpg,121
train_014683.jpg,121
train_014733.jpg,121
train_014880.jpg,121
train_015044.jpg,121
train_014695.jpg,121
train_015040.jpg,121
train_015049.jpg,121
train_014889.jpg,121
train_081345.jpg,122
train_081375.jpg,122
train_081436.jpg,122
train_081266.jpg,122
train_081444.jpg,122
train_081201.jpg,122
train_081196.jpg,122
train_081335.jpg,122
train_081602.jpg,122
train_081418.jpg,122
train_081473.jpg,122
train_081301.jpg,122
train_101350.jpg,123
train_101692.jpg,123
train_101677.jpg,123
train_101475.jpg,123
train_101712.jpg,123
train_101660.jpg,123
train_101237.jpg,123
train_101642.jpg,123
train_101351.jpg,123
train_101439.jpg,123
train_101538.jpg,123
train_101210.jpg,123
train_101624.jpg,123
train_042146.jpg,124
train_041804.jpg,124
train_041844.jpg,124
train_041924.jpg,124
train_042075.jpg,124
train_041736.jpg,124
train_041740.jpg,124
train_042109.jpg,124
train_042228.jpg,124
train_042236.jpg,124
train_041770.jpg,124
train_041794.jpg,124
train_041856.jpg,124
train_049363.jpg,125
train_049584.jpg,125
train_049745.jpg,125
train_049322.jpg,125
train_049675.jpg,125
train_049595.jpg,125
train_049741.jpg,125
train_049369.jpg,125
train_049594.jpg,125
train_049507.jpg,125
train_049406.jpg,125
train_049586.jpg,125
train_049739.jpg,125
train_093400.jpg,126
train_093267.jpg,126
train_093115.jpg,126
train_093443.jpg,126
train_093103.jpg,126
train_093092.jpg,126
train_093066.jpg,126
train_093177.jpg,126
train_093096.jpg,126
train_093425.jpg,126
train_093180.jpg,126
train_093178.jpg,126
train_093326.jpg,126
train_036785.jpg,127
train_036761.jpg,127
train_036631.jpg,127
train_036612.jpg,127
train_036831.jpg,127
train_036888.jpg,127
train_036535.jpg,127
train_036845.jpg,127
train_036646.jpg,127
train_036674.jpg,127
train_036470.jpg,127
train_036559.jpg,127
train_077911.jpg,128
train_077952.jpg,128
train_078008.jpg,128
train_078064.jpg,128
train_077967.jpg,128
train_077828.jpg,128
train_078021.jpg,128
train_078070.jpg,128
train_078039.jpg,128
train_077724.jpg,128
train_077803.jpg,128
train_077977.jpg,128
train_077896.jpg,128
train_074714.jpg,129
train_074982.jpg,129
train_075004.jpg,129
train_074748.jpg,129
train_074960.jpg,129
train_074790.jpg,129
train_074766.jpg,129
train_074947.jpg,129
train_075160.jpg,129
train_075125.jpg,129
train_075017.jpg,129
train_075028.jpg,129
train_074599.jpg,129
train_048300.jpg,130
train_048530.jpg,130
train_048262.jpg,130
train_048302.jpg,130
train_048418.jpg,130
train_048413.jpg,130
train_048238.jpg,130
train_048605.jpg,130
train_048606.jpg,130
train_048395.jpg,130
train_048409.jpg,130
train_048414.jpg,130
train_048524.jpg,130
train_080602.jpg,131
train_080656.jpg,131
train_080329.jpg,131
train_080496.jpg,131
train_080373.jpg,131
train_080403.jpg,131
train_080530.jpg,131
train_080432.jpg,131
train_080591.jpg,131
train_080383.jpg,131
train_080334.jpg,131
train_080528.jpg,131
train_080351.jpg,131
train_099227.jpg,132
train_099075.jpg,132
train_098906.jpg,132
train_098825.jpg,132
train_098944.jpg,132
train_098994.jpg,132
train_098886.jpg,132
train_098828.jpg,132
train_098962.jpg,132
train_099066.jpg,132
train_099011.jpg,132
train_099071.jpg,132
train_072721.jpg,133
train_072465.jpg,133
train_072588.jpg,133
train_072400.jpg,133
train_072415.jpg,133
train_072523.jpg,133
train_072405.jpg,133
train_072733.jpg,133
train_072502.jpg,133
train_072695.jpg,133
train_072540.jpg,133
train_072445.jpg,133
train_072336.jpg,133
train_048791.jpg,134
train_048931.jpg,134
train_048768.jpg,134
train_048702.jpg,134
train_048849.jpg,134
train_048903.jpg,134
train_048924.jpg,134
train_048853.jpg,134
train_048682.jpg,134
train_048900.jpg,134
train_048967.jpg,134
train_048623.jpg,134
train_048649.jpg,134
train_011301.jpg,135
train_011521.jpg,135
train_011325.jpg,135
train_011321.jpg,135
train_011559.jpg,135
train_011270.jpg,135
train_011411.jpg,135
train_011289.jpg,135
train_011177.jpg,135
train_011594.jpg,135
train_011231.jpg,135
train_011208.jpg,135
train_011283.jpg,135
train_041596.jpg,136
train_041322.jpg,136
train_041327.jpg,136
train_041672.jpg,136
train_041545.jpg,136
train_041501.jpg,136
train_041283.jpg,136
train_041668.jpg,136
train_041427.jpg,136
train_041412.jpg,136
train_041484.jpg,136
train_041597.jpg,136
train_041585.jpg,136
train_050575.jpg,137
train_050489.jpg,137
train_050647.jpg,137
train_050715.jpg,137
train_050550.jpg,137
train_050478.jpg,137
train_050554.jpg,137
train_050455.jpg,137
train_050285.jpg,137
train_050453.jpg,137
train_050510.jpg,137
train_050368.jpg,137
train_078812.jpg,138
train_079050.jpg,138
train_078898.jpg,138
train_078722.jpg,138
train_078987.jpg,138
train_078787.jpg,138
train_079143.jpg,138
train_078780.jpg,138
train_078964.jpg,138
train_078870.jpg,138
train_078836.jpg,138
train_078963.jpg,138
train_078695.jpg,138
train_083023.jpg,139
train_083065.jpg,139
train_083448.jpg,139
train_083063.jpg,139
train_083088.jpg,139
train_083027.jpg,139
train_082985.jpg,139
train_083158.jpg,139
train_083127.jpg,139
train_083077.jpg,139
train_083541.jpg,139
train_083518.jpg,139
train_083289.jpg,139
train_002272.jpg,140
train_002252.jpg,140
train_002544.jpg,140
train_002378.jpg,140
train_002228.jpg,140
train_002762.jpg,140
train_002705.jpg,140
train_002338.jpg,140
train_002735.jpg,140
train_002520.jpg,140
train_002694.jpg,140
train_002369.jpg,140
train_002607.jpg,140
train_057860.jpg,141
train_057928.jpg,141
train_058098.jpg,141
train_058127.jpg,141
train_058344.jpg,141
train_057946.jpg,141
train_058064.jpg,141
train_058365.jpg,141
train_057894.jpg,141
train_058352.jpg,141
train_057812.jpg,141
train_057803.jpg,141
train_057818.jpg,141
train_096573.jpg,142
train_096743.jpg,142
train_096619.jpg,142
train_096692.jpg,142
train_096421.jpg,142
train_096799.jpg,142
train_096382.jpg,142
train_096550.jpg,142
train_096449.jpg,142
train_096426.jpg,142
train_096804.jpg,142
train_096315.jpg,142
train_030378.jpg,143
train_030291.jpg,143
train_030121.jpg,143
train_030099.jpg,143
train_030224.jpg,143
train_030209.jpg,143
train_029966.jpg,143
train_030354.jpg,143
train_030003.jpg,143
train_030135.jpg,143
train_030226.jpg,143
train_030330.jpg,143
train_030228.jpg,143
train_046343.jpg,144
train_046455.jpg,144
train_046235.jpg,144
train_046211.jpg,144
train_046414.jpg,144
train_046156.jpg,144
train_046272.jpg,144
train_046279.jpg,144
train_046083.jpg,144
train_046403.jpg,144
train_046182.jpg,144
train_046482.jpg,144
train_046497.jpg,144
train_067984.jpg,145
train_067862.jpg,145
train_068080.jpg,145
train_068042.jpg,145
train_067842.jpg,145
train_068037.jpg,145
train_067836.jpg,145
train_067663.jpg,145
train_068106.jpg,145
train_068029.jpg,145
train_067667.jpg,145
train_067993.jpg,145
train_067987.jpg,145
train_037106.jpg,146
train_037311.jpg,146
train_037045.jpg,146
train_037303.jpg,146
train_036934.jpg,146
train_037182.jpg,146
train_037024.jpg,146
train_037274.jpg,146
train_037244.jpg,146
train_037119.jpg,146
train_037241.jpg,146
train_037275.jpg,146
train_037369.jpg,146
train_088553.jpg,147
train_088467.jpg,147
train_088642.jpg,147
train_088718.jpg,147
train_088614.jpg,147
train_088888.jpg,147
train_088421.jpg,147
train_088824.jpg,147
train_088774.jpg,147
train_088591.jpg,147
train_088651.jpg,147
train_088428.jpg,147
train_062074.jpg,148
train_062043.jpg,148
train_062151.jpg,148
train_062137.jpg,148
train_062048.jpg,148
train_062182.jpg,148
train_062029.jpg,148
train_062067.jpg,148
train_062249.jpg,148
train_061944.jpg,148
train_062349.jpg,148
train_062142.jpg,148
train_061969.jpg,148
train_051135.jpg,149
train_050874.jpg,149
train_050928.jpg,149
train_050903.jpg,149
train_050921.jpg,149
train_050841.jpg,149
train_051096.jpg,149
train_051053.jpg,149
train_050796.jpg,149
train_050859.jpg,149
train_050879.jpg,149
train_050871.jpg,149
train_050987.jpg,149
train_030775.jpg,150
train_030547.jpg,150
train_030731.jpg,150
train_030542.jpg,150
train_030575.jpg,150
train_030413.jpg,150
train_030891.jpg,150
train_030934.jpg,150
train_030892.jpg,150
train_030507.jpg,150
train_030537.jpg,150
train_030556.jpg,150
train_030824.jpg,150
train_053303.jpg,151
train_053448.jpg,151
train_053273.jpg,151
train_053229.jpg,151
train_053350.jpg,151
train_053445.jpg,151
train_053145.jpg,151
train_053259.jpg,151
train_053124.jpg,151
train_053120.jpg,151
train_053418.jpg,151
train_053436.jpg,151
train_053093.jpg,151
train_049816.jpg,152
train_050007.jpg,152
train_049939.jpg,152
train_050015.jpg,152
train_049959.jpg,152
train_050104.jpg,152
train_049865.jpg,152
train_050216.jpg,152
train_050197.jpg,152
train_050024.jpg,152
train_050132.jpg,152
train_050071.jpg,152
train_049177.jpg,153
train_049194.jpg,153
train_049269.jpg,153
train_049127.jpg,153
train_049106.jpg,153
train_049314.jpg,153
train_049282.jpg,153
train_049295.jpg,153
train_049073.jpg,153
train_049316.jpg,153
train_049256.jpg,153
train_049182.jpg,153
train_049315.jpg,153
train_086676.jpg,154
train_086725.jpg,154
train_086560.jpg,154
train_086707.jpg,154
train_086373.jpg,154
train_086646.jpg,154
train_086650.jpg,154
train_086480.jpg,154
train_086434.jpg,154
train_086545.jpg,154
train_086644.jpg,154
train_086367.jpg,154
train_086522.jpg,154
train_054426.jpg,155
train_054094.jpg,155
train_054484.jpg,155
train_054141.jpg,155
train_054082.jpg,155
train_054263.jpg,155
train_054533.jpg,155
train_054464.jpg,155
train_054025.jpg,155
train_054582.jpg,155
train_054068.jpg,155
train_054018.jpg,155
train_054624.jpg,155
train_017120.jpg,156
train_016988.jpg,156
train_016879.jpg,156
train_017070.jpg,156
train_016858.jpg,156
train_016853.jpg,156
train_016772.jpg,156
train_017006.jpg,156
train_017164.jpg,156
train_016650.jpg,156
train_016753.jpg,156
train_016964.jpg,156
train_016687.jpg,156
train_044473.jpg,157
train_044244.jpg,157
train_044487.jpg,157
train_044261.jpg,157
train_044213.jpg,157
train_044051.jpg,157
train_044232.jpg,157
train_044393.jpg,157
train_044078.jpg,157
train_044380.jpg,157
train_044044.jpg,157
train_044063.jpg,157
train_064982.jpg,158
train_064962.jpg,158
train_064650.jpg,158
train_064667.jpg,158
train_064983.jpg,158
train_064882.jpg,158
train_064784.jpg,158
train_064994.jpg,158
train_065167.jpg,158
train_065045.jpg,158
train_064903.jpg,158
train_064706.jpg,158
train_065112.jpg,158
train_084197.jpg,159
train_084223.jpg,159
train_084298.jpg,159
train_084254.jpg,159
train_084041.jpg,159
train_084116.jpg,159
train_084044.jpg,159
train_084100.jpg,159
train_083987.jpg,159
train_084212.jpg,159
train_084159.jpg,159
train_084270.jpg,159
train_084305.jpg,159
train_046844.jpg,160
train_046794.jpg,160
train_046855.jpg,160
train_046865.jpg,160
train_046711.jpg,160
train_046883.jpg,160
train_046861.jpg,160
train_046629.jpg,160
train_046786.jpg,160
train_046847.jpg,160
train_046763.jpg,160
train_046727.jpg,160
train_046588.jpg,160
train_008558.jpg,161
train_008131.jpg,161
train_008347.jpg,161
train_008293.jpg,161
train_008333.jpg,161
train_008249.jpg,161
train_008636.jpg,161
train_008234.jpg,161
train_008282.jpg,161
train_008259.jpg,161
train_008361.jpg,161
train_008133.jpg,161
train_008554.jpg,161
train_039667.jpg,162
train_039665.jpg,162
train_039683.jpg,162
train_039688.jpg,162
train_039669.jpg,162
train_039674.jpg,162
train_039684.jpg,162
train_039668.jpg,162
train_039692.jpg,162
train_039693.jpg,162
train_039672.jpg,162
train_039670.jpg,162
train_072931.jpg,163
train_072893.jpg,163
train_072814.jpg,163
train_072886.jpg,163
train_072967.jpg,163
train_072823.jpg,163
train_072950.jpg,163
train_073179.jpg,163
train_072825.jpg,163
train_072786.jpg,163
train_073103.jpg,163
train_073080.jpg,163
train_072776.jpg,163
train_089098.jpg,164
train_089302.jpg,164
train_089068.jpg,164
train_089332.jpg,164
train_089217.jpg,164
train_089069.jpg,164
train_089059.jpg,164
train_089282.jpg,164
train_089112.jpg,164
train_089263.jpg,164
train_089078.jpg,164
train_089271.jpg,164
train_089303.jpg,164
train_033176.jpg,165
train_033166.jpg,165
train_033359.jpg,165
train_033536.jpg,165
train_033476.jpg,165
train_033225.jpg,165
train_033343.jpg,165
train_033547.jpg,165
train_033581.jpg,165
train_033288.jpg,165
train_033257.jpg,165
train_033245.jpg,165
train_033527.jpg,165
train_003309.jpg,166
train_003592.jpg,166
train_003463.jpg,166
train_003603.jpg,166
train_003616.jpg,166
train_003324.jpg,166
train_003617.jpg,166
train_003261.jpg,166
train_003634.jpg,166
train_003538.jpg,166
train_003310.jpg,166
train_003327.jpg,166
train_003553.jpg,166
train_017622.jpg,167
train_017580.jpg,167
train_017402.jpg,167
train_017339.jpg,167
train_017380.jpg,167
train_017389.jpg,167
train_017282.jpg,167
train_017337.jpg,167
train_017539.jpg,167
train_017249.jpg,167
train_017196.jpg,167
train_017635.jpg,167
train_052067.jpg,168
train_052500.jpg,168
train_052221.jpg,168
train_052559.jpg,168
train_052093.jpg,168
train_052195.jpg,168
train_052315.jpg,168
train_052191.jpg,168
train_052257.jpg,168
train_052465.jpg,168
train_052323.jpg,168
train_052535.jpg,168
train_052209.jpg,168
train_025962.jpg,169
train_025847.jpg,169
train_026250.jpg,169
train_026034.jpg,169
train_025954.jpg,169
train_026264.jpg,169
train_026161.jpg,169
train_026236.jpg,169
train_025797.jpg,169
train_025917.jpg,169
train_026192.jpg,169
train_026315.jpg,169
train_025775.jpg,169
train_061307.jpg,170
train_061339.jpg,170
train_061100.jpg,170
train_061119.jpg,170
train_061231.jpg,170
train_061329.jpg,170
train_061284.jpg,170
train_061304.jpg,170
train_061230.jpg,170
train_061167.jpg,170
train_061294.jpg,170
train_061380.jpg,170
train_061183.jpg,170
train_025642.jpg,171
train_025734.jpg,171
train_025571.jpg,171
train_025635.jpg,171
train_025411.jpg,171
train_025602.jpg,171
train_025430.jpg,171
train_025338.jpg,171
train_025388.jpg,171
train_025720.jpg,171
train_025689.jpg,171
train_025239.jpg,171
train_025727.jpg,171
train_027725.jpg,172
train_027385.jpg,172
train_027225.jpg,172
train_027182.jpg,172
train_027655.jpg,172
train_027491.jpg,172
train_027604.jpg,172
train_027439.jpg,172
train_027595.jpg,172
train_027265.jpg,172
train_027556.jpg,172
train_027475.jpg,172
train_053656.jpg,173
train_053758.jpg,173
train_053948.jpg,173
train_053699.jpg,173
train_053696.jpg,173
train_053896.jpg,173
train_053798.jpg,173
train_053845.jpg,173
train_053739.jpg,173
train_053772.jpg,173
train_053617.jpg,173
train_053565.jpg,173
train_053727.jpg,173
train_101108.jpg,174
train_101158.jpg,174
train_101042.jpg,174
train_101035.jpg,174
train_101125.jpg,174
train_101149.jpg,174
train_100917.jpg,174
train_101176.jpg,174
train_101033.jpg,174
train_101030.jpg,174
train_101112.jpg,174
train_101005.jpg,174
train_100956.jpg,174
train_076686.jpg,175
train_077011.jpg,175
train_076748.jpg,175
train_076991.jpg,175
train_077153.jpg,175
train_077040.jpg,175
train_076746.jpg,175
train_076851.jpg,175
train_077154.jpg,175
train_076974.jpg,175
train_077106.jpg,175
train_076732.jpg,175
train_077136.jpg,175
train_066316.jpg,176
train_066208.jpg,176
train_066209.jpg,176
train_066435.jpg,176
train_066144.jpg,176
train_066200.jpg,176
train_066490.jpg,176
train_065997.jpg,176
train_066166.jpg,176
train_066112.jpg,176
train_066053.jpg,176
train_066364.jpg,176
train_065990.jpg,176
train_090652.jpg,177
train_090932.jpg,177
train_090748.jpg,177
train_090526.jpg,177
train_090841.jpg,177
train_090469.jpg,177
train_090873.jpg,177
train_090446.jpg,177
train_090503.jpg,177
train_090645.jpg,177
train_090698.jpg,177
train_090495.jpg,177
train_045908.jpg,178
train_045754.jpg,178
train_045727.jpg,178
train_045859.jpg,178
train_045662.jpg,178
train_045926.jpg,178
train_046015.jpg,178
train_045622.jpg,178
train_045990.jpg,178
train_045921.jpg,178
train_045688.jpg,178
train_045840.jpg,178
train_045659.jpg,178
train_065481.jpg,179
train_065529.jpg,179
train_065302.jpg,179
train_065356.jpg,179
train_065617.jpg,179
train_065296.jpg,179
train_065425.jpg,179
train_065276.jpg,179
train_065483.jpg,179
train_065264.jpg,179
train_065309.jpg,179
train_065339.jpg,179
train_065577.jpg,179
train_040688.jpg,180
train_040704.jpg,180
train_040559.jpg,180
train_040554.jpg,180
train_040533.jpg,180
train_040589.jpg,180
train_040680.jpg,180
train_040613.jpg,180
train_040588.jpg,180
train_040657.jpg,180
train_040730.jpg,180
train_040806.jpg,180
train_040853.jpg,180
train_060800.jpg,181
train_060685.jpg,181
train_060905.jpg,181
train_060852.jpg,181
train_060914.jpg,181
train_060561.jpg,181
train_060833.jpg,181
train_060562.jpg,181
train_060839.jpg,181
train_060589.jpg,181
train_060888.jpg,181
train_060555.jpg,181
train_060531.jpg,181
train_044642.jpg,182
train_044541.jpg,182
train_044786.jpg,182
train_044712.jpg,182
train_044975.jpg,182
train_044974.jpg,182
train_044888.jpg,182
train_044498.jpg,182
train_044903.jpg,182
train_044573.jpg,182
train_044873.jpg,182
train_044890.jpg,182
train_079443.jpg,183
train_079412.jpg,183
train_079400.jpg,183
train_079202.jpg,183
train_079398.jpg,183
train_079357.jpg,183
train_079473.jpg,183
train_079482.jpg,183
train_079185.jpg,183
train_079232.jpg,183
train_079422.jpg,183
train_079387.jpg,183
train_079393.jpg,183
train_075476.jpg,184
train_075246.jpg,184
train_075379.jpg,184
train_075343.jpg,184
train_075510.jpg,184
train_075546.jpg,184
train_075249.jpg,184
train_075243.jpg,184
train_075522.jpg,184
train_075394.jpg,184
train_075458.jpg,184
train_075413.jpg,184
train_075386.jpg,184
train_091710.jpg,185
train_091867.jpg,185
train_091983.jpg,185
train_091572.jpg,185
train_091879.jpg,185
train_091766.jpg,185
train_091804.jpg,185
train_091669.jpg,185
train_091817.jpg,185
train_091858.jpg,185
train_091544.jpg,185
train_091610.jpg,185
train_091491.jpg,185
train_079796.jpg,186
train_079679.jpg,186
train_079509.jpg,186
train_079609.jpg,186
train_079546.jpg,186
train_079577.jpg,186
train_079690.jpg,186
train_079745.jpg,186
train_079639.jpg,186
train_079689.jpg,186
train_079787.jpg,186
train_079776.jpg,186
train_079825.jpg,186
train_073398.jpg,187
train_073318.jpg,187
train_073436.jpg,187
train_073328.jpg,187
train_073231.jpg,187
train_073487.jpg,187
train_073251.jpg,187
train_073415.jpg,187
train_073532.jpg,187
train_073629.jpg,187
train_073488.jpg,187
train_073330.jpg,187
train_009958.jpg,188
train_010006.jpg,188
train_009897.jpg,188
train_010078.jpg,188
train_009998.jpg,188
train_009805.jpg,188
train_010082.jpg,188
train_009724.jpg,188
train_009861.jpg,188
train_010033.jpg,188
train_009858.jpg,188
train_009762.jpg,188
train_009854.jpg,188
train_096953.jpg,189
train_097312.jpg,189
train_097357.jpg,189
train_096881.jpg,189
train_097029.jpg,189
train_097303.jpg,189
train_097062.jpg,189
train_097249.jpg,189
train_097183.jpg,189
train_097350.jpg,189
train_096978.jpg,189
train_097128.jpg,189
train_097271.jpg,189
train_043355.jpg,190
train_043274.jpg,190
train_043292.jpg,190
train_043441.jpg,190
train_043579.jpg,190
train_043588.jpg,190
train_043455.jpg,190
train_043408.jpg,190
train_043478.jpg,190
train_043543.jpg,190
train_043565.jpg,190
train_043569.jpg,190
train_043380.jpg,190
train_064218.jpg,191
train_064321.jpg,191
train_064418.jpg,191
train_064341.jpg,191
train_064149.jpg,191
train_064567.jpg,191
train_064241.jpg,191
train_064115.jpg,191
train_064253.jpg,191
train_064406.jpg,191
train_064235.jpg,191
train_064518.jpg,191
train_064411.jpg,191
train_018508.jpg,192
train_018477.jpg,192
train_018397.jpg,192
train_018164.jpg,192
train_018230.jpg,192
train_018250.jpg,192
train_018405.jpg,192
train_018430.jpg,192
train_018295.jpg,192
train_018361.jpg,192
train_018360.jpg,192
train_018264.jpg,192
train_035149.jpg,193
train_035223.jpg,193
train_034943.jpg,193
train_035237.jpg,193
train_035125.jpg,193
train_034961.jpg,193
train_035011.jpg,193
train_034902.jpg,193
train_035050.jpg,193
train_035348.jpg,193
train_035178.jpg,193
train_035355.jpg,193
train_035169.jpg,193
train_043688.jpg,194
train_043835.jpg,194
train_043909.jpg,194
train_043780.jpg,194
train_043951.jpg,194
train_043613.jpg,194
train_043900.jpg,194
train_043695.jpg,194
train_043930.jpg,194
train_043844.jpg,194
train_043641.jpg,194
train_043711.jpg,194
train_043794.jpg,194
train_009228.jpg,195
train_009415.jpg,195
train_009182.jpg,195
train_009676.jpg,195
train_009558.jpg,195
train_009159.jpg,195
train_009466.jpg,195
train_009603.jpg,195
train_009579.jpg,195
train_009282.jpg,195
train_009314.jpg,195
train_009636.jpg,195
train_009354.jpg,195
train_014367.jpg,196
train_014251.jpg,196
train_014106.jpg,196
train_014489.jpg,196
train_014135.jpg,196
train_014318.jpg,196
train_014596.jpg,196
train_014622.jpg,196
train_014273.jpg,196
train_014536.jpg,196
train_014623.jpg,196
train_014417.jpg,196
train_014488.jpg,196
train_039514.jpg,197
train_039206.jpg,197
train_039130.jpg,197
train_039284.jpg,197
train_039584.jpg,197
train_039615.jpg,197
train_039378.jpg,197
train_039123.jpg,197
train_039653.jpg,197
train_039268.jpg,197
train_039500.jpg,197
train_039226.jpg,197
train_092987.jpg,198
train_092521.jpg,198
train_092879.jpg,198
train_092680.jpg,198
train_092697.jpg,198
train_092862.jpg,198
train_092516.jpg,198
train_093015.jpg,198
train_092927.jpg,198
train_092678.jpg,198
train_092776.jpg,198
train_092744.jpg,198
train_092823.jpg,198
train_003061.jpg,199
train_003230.jpg,199
train_003093.jpg,199
train_002975.jpg,199
train_002801.jpg,199
train_002924.jpg,199
train_003194.jpg,199
train_002951.jpg,199
train_002886.jpg,199
train_003042.jpg,199
train_002971.jpg,199
train_003148.jpg,199
train_002796.jpg,199
train_029173.jpg,200
train_029301.jpg,200
train_029246.jpg,200
train_029192.jpg,200
train_029178.jpg,200
train_029304.jpg,200
train_029425.jpg,200
train_029197.jpg,200
train_029505.jpg,200
train_029493.jpg,200
train_029384.jpg,200
train_029465.jpg,200
train_029316.jpg,200
train_099929.jpg,201
train_100138.jpg,201
train_100087.jpg,201
train_100049.jpg,201
train_099968.jpg,201
train_100127.jpg,201
train_099981.jpg,201
train_100272.jpg,201
train_100226.jpg,201
train_100305.jpg,201
train_100299.jpg,201
train_100385.jpg,201
train_100197.jpg,201
train_005350.jpg,202
train_005664.jpg,202
train_005644.jpg,202
train_005645.jpg,202
train_005396.jpg,202
train_005436.jpg,202
train_005417.jpg,202
train_005483.jpg,202
train_005792.jpg,202
train_005668.jpg,202
train_005503.jpg,202
train_005565.jpg,202
train_014079.jpg,203
train_013773.jpg,203
train_014044.jpg,203
train_013895.jpg,203
train_013647.jpg,203
train_013795.jpg,203
train_014000.jpg,203
train_013966.jpg,203
train_013638.jpg,203
train_013903.jpg,203
train_014047.jpg,203
train_013742.jpg,203
train_013848.jpg,203
train_065863.jpg,204
train_065761.jpg,204
train_065817.jpg,204
train_065888.jpg,204
train_065634.jpg,204
train_065703.jpg,204
train_065823.jpg,204
train_065711.jpg,204
train_065720.jpg,204
train_065808.jpg,204
train_065810.jpg,204
train_065866.jpg,204
train_065804.jpg,204
train_068712.jpg,205
train_068815.jpg,205
train_069030.jpg,205
train_068689.jpg,205
train_068624.jpg,205
train_068914.jpg,205
train_068781.jpg,205
train_068964.jpg,205
train_068832.jpg,205
train_069017.jpg,205
train_068956.jpg,205
train_068937.jpg,205
train_068654.jpg,205
train_091420.jpg,206
train_091208.jpg,206
train_091140.jpg,206
train_091291.jpg,206
train_091321.jpg,206
train_091472.jpg,206
train_091350.jpg,206
train_090951.jpg,206
train_091290.jpg,206
train_091338.jpg,206
train_091138.jpg,206
train_091349.jpg,206
train_091437.jpg,206
train_083980.jpg,207
train_083858.jpg,207
train_083731.jpg,207
train_083949.jpg,207
train_083864.jpg,207
train_083675.jpg,207
train_083659.jpg,207
train_083737.jpg,207
train_083928.jpg,207
train_083572.jpg,207
train_083702.jpg,207
train_083674.jpg,207
train_042981.jpg,208
train_042818.jpg,208
train_043137.jpg,208
train_043198.jpg,208
train_043024.jpg,208
train_043011.jpg,208
train_042926.jpg,208
train_043203.jpg,208
train_042840.jpg,208
train_042930.jpg,208
train_043134.jpg,208
train_043128.jpg,208
train_043052.jpg,208
train_071023.jpg,209
train_071190.jpg,209
train_071057.jpg,209
train_070970.jpg,209
train_070979.jpg,209
train_070965.jpg,209
train_070997.jpg,209
train_071161.jpg,209
train_071154.jpg,209
train_071110.jpg,209
train_071160.jpg,209
train_071162.jpg,209
train_070975.jpg,209
train_052021.jpg,210
train_051897.jpg,210
train_051784.jpg,210
train_051741.jpg,210
train_051889.jpg,210
train_051771.jpg,210
train_051871.jpg,210
train_051955.jpg,210
train_051901.jpg,210
train_052025.jpg,210
train_051907.jpg,210
train_051835.jpg,210
train_051811.jpg,210
train_102006.jpg,211
train_101986.jpg,211
train_101742.jpg,211
train_102209.jpg,211
train_101771.jpg,211
train_101797.jpg,211
train_102243.jpg,211
train_102230.jpg,211
train_101905.jpg,211
train_101877.jpg,211
train_102245.jpg,211
train_101907.jpg,211
train_101811.jpg,211
train_102344.jpg,212
train_102782.jpg,212
train_102453.jpg,212
train_102485.jpg,212
train_102548.jpg,212
train_102640.jpg,212
train_102703.jpg,212
train_102396.jpg,212
train_102517.jpg,212
train_102326.jpg,212
train_102773.jpg,212
train_102418.jpg,212
train_102959.jpg,213
train_102933.jpg,213
train_102878.jpg,213
train_102926.jpg,213
train_102950.jpg,213
train_102965.jpg,213
train_102809.jpg,213
train_103008.jpg,213
train_102817.jpg,213
train_102850.jpg,213
train_102949.jpg,213
train_102895.jpg,213
train_102908.jpg,213
train_103556.jpg,214
train_103528.jpg,214
train_103289.jpg,214
train_103324.jpg,214
train_103184.jpg,214
train_103146.jpg,214
train_103452.jpg,214
train_103544.jpg,214
train_103491.jpg,214
train_103429.jpg,214
train_103339.jpg,214
train_103188.jpg,214
train_103478.jpg,214
train_103841.jpg,215
train_103575.jpg,215
train_103718.jpg,215
train_103921.jpg,215
train_104189.jpg,215
train_103836.jpg,215
train_103859.jpg,215
train_104010.jpg,215
train_103700.jpg,215
train_103656.jpg,215
train_103771.jpg,215
train_103800.jpg,215
train_103649.jpg,215
train_104336.jpg,216
train_104237.jpg,216
train_104518.jpg,216
train_104222.jpg,216
train_104410.jpg,216
train_104312.jpg,216
train_104232.jpg,216
train_104362.jpg,216
train_104457.jpg,216
train_104246.jpg,216
train_104416.jpg,216
train_104445.jpg,216
train_104296.jpg,216
train_104622.jpg,217
train_104763.jpg,217
train_104723.jpg,217
train_104538.jpg,217
train_104571.jpg,217
train_104548.jpg,217
train_104614.jpg,217
train_104596.jpg,217
train_104830.jpg,217
train_104832.jpg,217
train_104702.jpg,217
train_104816.jpg,217
train_105485.jpg,218
train_105049.jpg,218
train_105159.jpg,218
train_105087.jpg,218
train_105464.jpg,218
train_105191.jpg,218
train_105089.jpg,218
train_105025.jpg,218
train_105397.jpg,218
train_105271.jpg,218
train_105523.jpg,218
train_105068.jpg,218
train_104979.jpg,218
train_105847.jpg,219
train_105671.jpg,219
train_105633.jpg,219
train_105897.jpg,219
train_106130.jpg,219
train_105662.jpg,219
train_105722.jpg,219
train_105809.jpg,219
train_106105.jpg,219
train_105610.jpg,219
train_106039.jpg,219
train_106027.jpg,219
train_105735.jpg,219
train_106599.jpg,220
train_106421.jpg,220
train_106346.jpg,220
train_106482.jpg,220
train_106574.jpg,220
train_106556.jpg,220
train_106549.jpg,220
train_106545.jpg,220
train_106520.jpg,220
train_106409.jpg,220
train_106375.jpg,220
train_106315.jpg,220
train_106425.jpg,220
train_106841.jpg,221
train_106815.jpg,221
train_106949.jpg,221
train_107004.jpg,221
train_106925.jpg,221
train_106834.jpg,221
train_106797.jpg,221
train_106864.jpg,221
train_107000.jpg,221
train_106900.jpg,221
train_106943.jpg,221
train_106963.jpg,221
train_106855.jpg,221
train_107322.jpg,222
train_107175.jpg,222
train_107210.jpg,222
train_107241.jpg,222
train_107316.jpg,222
train_107134.jpg,222
train_107231.jpg,222
train_107063.jpg,222
train_107354.jpg,222
train_107258.jpg,222
train_107069.jpg,222
train_107204.jpg,222
train_107660.jpg,223
train_107562.jpg,223
train_107727.jpg,223
train_107400.jpg,223
train_107768.jpg,223
train_107665.jpg,223
train_107756.jpg,223
train_107396.jpg,223
train_107792.jpg,223
train_107506.jpg,223
train_107454.jpg,223
train_107403.jpg,223
train_107776.jpg,223
train_107889.jpg,224
train_107907.jpg,224
train_108047.jpg,224
train_108061.jpg,224
train_107844.jpg,224
train_107882.jpg,224
train_108231.jpg,224
train_108106.jpg,224
train_108146.jpg,224
train_108154.jpg,224
train_107900.jpg,224
train_108040.jpg,224
train_108041.jpg,224
train_108442.jpg,225
train_108337.jpg,225
train_108566.jpg,225
train_108699.jpg,225
train_108650.jpg,225
train_108522.jpg,225
train_108547.jpg,225
train_108541.jpg,225
train_108241.jpg,225
train_108431.jpg,225
train_108677.jpg,225
train_108681.jpg,225
train_108304.jpg,225
train_108807.jpg,226
train_108915.jpg,226
train_109047.jpg,226
train_108851.jpg,226
train_108918.jpg,226
train_109176.jpg,226
train_109109.jpg,226
train_109120.jpg,226
train_108919.jpg,226
train_109022.jpg,226
train_109182.jpg,226
train_108939.jpg,226
train_108759.jpg,226
train_109562.jpg,227
train_109583.jpg,227
train_109618.jpg,227
train_109791.jpg,227
train_109554.jpg,227
train_109571.jpg,227
train_109252.jpg,227
train_109672.jpg,227
train_109475.jpg,227
train_109375.jpg,227
train_109377.jpg,227
train_109380.jpg,227
train_110116.jpg,228
train_110156.jpg,228
train_109957.jpg,228
train_110080.jpg,228
train_110149.jpg,228
train_110086.jpg,228
train_110232.jpg,228
train_110283.jpg,228
train_110035.jpg,228
train_109857.jpg,228
train_110159.jpg,228
train_110058.jpg,228
train_109860.jpg,228
train_110397.jpg,229
train_110729.jpg,229
train_110483.jpg,229
train_110455.jpg,229
train_110713.jpg,229
train_110509.jpg,229
train_110482.jpg,229
train_110640.jpg,229
train_110586.jpg,229
train_110360.jpg,229
train_110701.jpg,229
train_110651.jpg,229
train_110712.jpg,229
train_111034.jpg,230
train_110746.jpg,230
train_110967.jpg,230
train_111155.jpg,230
train_110818.jpg,230
train_111028.jpg,230
train_110923.jpg,230
train_110833.jpg,230
train_110808.jpg,230
train_110884.jpg,230
train_111080.jpg,230
train_110991.jpg,230
train_111065.jpg,230
train_111360.jpg,231
train_111263.jpg,231
train_111498.jpg,231
train_111524.jpg,231
train_111207.jpg,231
train_111216.jpg,231
train_111456.jpg,231
train_111475.jpg,231
train_111179.jpg,231
train_111612.jpg,231
train_111467.jpg,231
train_111227.jpg,231
train_111339.jpg,231
train_111996.jpg,232
train_111988.jpg,232
train_112118.jpg,232
train_111773.jpg,232
train_112087.jpg,232
train_112072.jpg,232
train_112088.jpg,232
train_111678.jpg,232
train_112140.jpg,232
train_111814.jpg,232
train_112108.jpg,232
train_111991.jpg,232
train_112503.jpg,233
train_112488.jpg,233
train_112520.jpg,233
train_112179.jpg,233
train_112336.jpg,233
train_112448.jpg,233
train_112279.jpg,233
train_112356.jpg,233
train_112157.jpg,233
train_112414.jpg,233
train_112384.jpg,233
train_112252.jpg,233
train_112538.jpg,233
train_112675.jpg,234
train_112856.jpg,234
train_112727.jpg,234
train_112770.jpg,234
train_112550.jpg,234
train_112759.jpg,234
train_112775.jpg,234
train_112847.jpg,234
train_112908.jpg,234
train_112708.jpg,234
train_112807.jpg,234
train_112897.jpg,234
train_112600.jpg,234
train_113350.jpg,235
train_113301.jpg,235
train_112961.jpg,235
train_113308.jpg,235
train_112991.jpg,235
train_113370.jpg,235
train_113124.jpg,235
train_113069.jpg,235
train_113023.jpg,235
train_113115.jpg,235
train_113200.jpg,235
train_113216.jpg,235
train_113362.jpg,235
train_113855.jpg,236
train_113606.jpg,236
train_113635.jpg,236
train_113889.jpg,236
train_113552.jpg,236
train_113782.jpg,236
train_113612.jpg,236
train_113872.jpg,236
train_113792.jpg,236
train_113591.jpg,236
train_113494.jpg,236
train_113593.jpg,236
train_113605.jpg,236
train_113970.jpg,237
train_114320.jpg,237
train_114006.jpg,237
train_114183.jpg,237
train_114195.jpg,237
train_114071.jpg,237
train_113912.jpg,237
train_114365.jpg,237
train_113967.jpg,237
train_114359.jpg,237
train_114292.jpg,237
train_114276.jpg,237
train_114786.jpg,238
train_114615.jpg,238
train_114710.jpg,238
train_114539.jpg,238
train_114695.jpg,238
train_114621.jpg,238
train_114624.jpg,238
train_114792.jpg,238
train_114512.jpg,238
train_114570.jpg,238
train_114545.jpg,238
train_114867.jpg,238
train_114776.jpg,238
train_115089.jpg,239
train_115096.jpg,239
train_115018.jpg,239
train_115156.jpg,239
train_115334.jpg,239
train_115311.jpg,239
train_115290.jpg,239
train_115021.jpg,239
train_114938.jpg,239
train_115176.jpg,239
train_114943.jpg,239
train_114992.jpg,239
train_115166.jpg,239
train_115695.jpg,240
train_115507.jpg,240
train_115769.jpg,240
train_115572.jpg,240
train_115848.jpg,240
train_115725.jpg,240
train_115759.jpg,240
train_115375.jpg,240
train_115450.jpg,240
train_115654.jpg,240
train_115383.jpg,240
train_115797.jpg,240
train_115391.jpg,240
train_116249.jpg,241
train_115910.jpg,241
train_115929.jpg,241
train_116218.jpg,241
train_116205.jpg,241
train_115954.jpg,241
train_116115.jpg,241
train_115909.jpg,241
train_115935.jpg,241
train_116227.jpg,241
train_116103.jpg,241
train_116293.jpg,241
train_116007.jpg,241
train_116362.jpg,242
train_116471.jpg,242
train_116415.jpg,242
train_116352.jpg,242
train_116543.jpg,242
train_116437.jpg,242
train_116419.jpg,242
train_116600.jpg,242
train_116641.jpg,242
train_116582.jpg,242
train_116360.jpg,242
train_116488.jpg,242
train_117024.jpg,243
train_116954.jpg,243
train_117007.jpg,243
train_116744.jpg,243
train_116814.jpg,243
train_116937.jpg,243
train_116832.jpg,243
train_116965.jpg,243
train_116936.jpg,243
train_117016.jpg,243
train_116931.jpg,243
train_117056.jpg,243
train_117109.jpg,243
train_117476.jpg,244
train_117305.jpg,244
train_117229.jpg,244
train_117183.jpg,244
train_117366.jpg,244
train_117343.jpg,244
train_117597.jpg,244
train_117326.jpg,244
train_117138.jpg,244
train_117432.jpg,244
train_117474.jpg,244
train_117301.jpg,244
train_117349.jpg,244
train_117743.jpg,245
train_117754.jpg,245
train_117685.jpg,245
train_117859.jpg,245
train_117681.jpg,245
train_117894.jpg,245
train_117802.jpg,245
train_117721.jpg,245
train_117927.jpg,245
train_117658.jpg,245
train_117717.jpg,245
train_117813.jpg,245
train_117836.jpg,245
train_118242.jpg,246
train_118188.jpg,246
train_118351.jpg,246
train_118243.jpg,246
train_118333.jpg,246
train_118400.jpg,246
train_118380.jpg,246
train_118476.jpg,246
train_118153.jpg,246
train_118274.jpg,246
train_118343.jpg,246
train_118094.jpg,246
train_118232.jpg,246
train_118685.jpg,247
train_118553.jpg,247
train_118668.jpg,247
train_118888.jpg,247
train_118784.jpg,247
train_118850.jpg,247
train_118900.jpg,247
train_118772.jpg,247
train_118919.jpg,247
train_118672.jpg,247
train_118730.jpg,247
train_118542.jpg,247
train_119233.jpg,248
train_119214.jpg,248
train_119173.jpg,248
train_119075.jpg,248
train_119208.jpg,248
train_119000.jpg,248
train_119170.jpg,248
train_119089.jpg,248
train_118948.jpg,248
train_119154.jpg,248
train_119247.jpg,248
train_119127.jpg,248
train_118934.jpg,248
train_119650.jpg,249
train_119507.jpg,249
train_119431.jpg,249
train_119516.jpg,249
train_119696.jpg,249
train_119264.jpg,249
train_119474.jpg,249
train_119259.jpg,249
train_119489.jpg,249
train_119693.jpg,249
train_119397.jpg,249
train_119392.jpg,249
train_119620.jpg,249
train_119819.jpg,250
train_119927.jpg,250
train_119945.jpg,250
train_120211.jpg,250
train_120161.jpg,250
train_120062.jpg,250
train_120146.jpg,250
train_119838.jpg,250
train_120200.jpg,250
train_120098.jpg,250
train_120106.jpg,250
train_120127.jpg,250
train_119792.jpg,250
